BEGIN TRANSACTION;
CREATE TABLE IF NOT EXISTS "storagePools" (
	"name"	TEXT NOT NULL,
	"type"	TEXT,
	"file_system_sizes_value"	REAL,
	"name_storage_pool"	TEXT NOT NULL,
	"file_system_sizes_units"	TEXT,
	FOREIGN KEY("name") REFERENCES "computerInformation"("name")
);
CREATE TABLE IF NOT EXISTS "online_documentation" (
	"name"	TEXT NOT NULL,
	"linkage"	TEXT,
	"Type"	TEXT,
	FOREIGN KEY("name") REFERENCES "computerInformation"("name")
);
CREATE TABLE IF NOT EXISTS "networkCardsPerNode" (
	"name"	TEXT NOT NULL,
	"name_of_compute_pools"	TEXT NOT NULL,
	"name_of_network"	TEXT NOT NULL,
	"bandwidth_value"	REAL,
	"bandwidth_units"	TEXT,
	FOREIGN KEY("name") REFERENCES "computerInformation"("name")
);
CREATE TABLE IF NOT EXISTS "computerPools" (
	"name"	TEXT NOT NULL,
	"name_computer_pools"	TEXT NOT NULL,
	"accelerator_type"	TEXT,
	"accelerator_per_node"	REAL,
	"cpu_type"	TEXT,
	"computer_cores_per_node"	REAL,
	"clock_cycle_concurrency"	INTEGER,
	"clock_speed_value"	REAL,
	"description"	TEXT,
	"memory_per_node_value"	REAL,
	"number_of_nodes"	REAL,
	"model_number"	TEXT,
	"processor"	TEXT,
	"clock_speed_units"	TEXT,
	"memory_per_node_units"	TEXT,
	FOREIGN KEY("name") REFERENCES "computerInformation"("name")
);
CREATE TABLE IF NOT EXISTS "computerInformation" (
	"name"	TEXT NOT NULL UNIQUE,
	"institution"	TEXT,
	"vendor"	TEXT,
	"operating_system"	TEXT,
	"peak_performance_value"	REAL,
	"peak_performance_units"	TEXT,
	"linpack_performace_value"	REAL,
	"linpack_performace_units"	TEXT,
	PRIMARY KEY("name")
);
INSERT INTO "storagePools" ("name","type","file_system_sizes_value","name_storage_pool","file_system_sizes_units") VALUES ('AIBridgingCloudInfrastructure',' Lustre',1.0,'Home Area','PF'),
 ('AIBridgingCloudInfrastructure',' GPPS',6.6,'Group Area 1','PF'),
 ('AIBridgingCloudInfrastructure',' GPPS',6.6,'Group Area 2','PF'),
 ('AIBridgingCloudInfrastructure','GPPS',335.0,'Application Area','TB'),
 ('AIBridgingCloudInfrastructure',' XPS',12.0,'Local scratch area for intaractive node','TB'),
 ('AIBridgingCloudInfrastructure',' XFS',1.5,'Local scratch area for compute node','TB'),
 ('Frontera','NVMe',4.0,'Fast Scratch','PB'),
 ('Frontera','Disk ',50.0,'Scratch/Work','PB'),
 ('Lassen','GPFS',265.0,'Home Filsystem','TB'),
 ('Lassen','GPFS',33.0,'Work File System','PB'),
 ('Lassen','GPFS',17.0,'Scratch File System ','PB'),
 ('PizDaint','GPFS',160.0,'Home Filsystem','TB'),
 ('PizDaint','GPFS',6.3,'Work File System','PB'),
 ('PizDaint','GPFS',8.8,'Scratch File System ','PB'),
 ('Sierra','GPFS',154.0,'IBM Spectrum Scale','PB'),
 ('Summit','GPFS',250.0,'Alpine','PB'),
 ('SunwayTaihuLight',' Lustre',10.0,'Iccefish Storage System','PB'),
 ('SuperMUC-NG','GPFS',265.0,'Home Filsystem','TB'),
 ('SuperMUC-NG','GPFS',33.0,'Work File System','TB'),
 ('SuperMUC-NG','GPFS',17.0,'Scratch File System ','TB'),
 ('Tianhe-2A',' Lustre',19.0,'Parallel File System','PB'),
 ('Trinity',' Lustre',78.0,'Sonexion','PB'),
 ('Trinity',' DRAM',2.0,'Memory','PB'),
 ('Trinity',NULL,3.78,'Burst Buffer','PB'),
 ('Trinity',' POISX',100.0,'MarFS Filesystem','PB'),
 ('Trinity',' HPSS',100.0,'Archive','PB');
INSERT INTO "online_documentation" ("name","linkage","Type") VALUES ('AIBridgingCloudInfrastructure','https://www.hpci-office.jp/pages/e_aist_2019-1','website'),
 ('Frontera','https://www.tacc.utexas.edu/systems/frontera','website'),
 ('Lassen','https://computing.llnl.gov/computers/lassen','website'),
 ('PizDaint','https://www.cscs.ch/computers/piz-daint/','website'),
 ('Sierra','https://computing.llnl.gov/computers/sierra','website'),
 ('Summit','https://www.olcf.ornl.gov/olcf-resources/compute-systems/summit/','website'),
 ('SunwayTaihuLight','http://www.netlib.org/utk/people/JackDongarra/PAPERS/sunway-report-2016.pdf','website'),
 ('SuperMUC-NG','https://doku.lrz.de/display/PUBLIC/SuperMUC-NG','website'),
 ('Tianhe-2A','https://www.icl.utk.edu/files/publications/2017/icl-utk-970-2017.pdf','website'),
 ('Trinity','https://lanl.gov/projects/trinity/','website');
INSERT INTO "networkCardsPerNode" ("name","name_of_compute_pools","name_of_network","bandwidth_value","bandwidth_units") VALUES ('Frontera','Standard Nodes','Mellanox Infiniband EDR',200.0,'GB'),
 ('Lassen','Standard Nodes','InfiniBand EDR ',NULL,NULL),
 ('PizDaint','Standard Nodes','Cray Aries',NULL,NULL),
 ('Sierra','Standard Nodes','Mellanox Infiniband EDR',200.0,'GB/s'),
 ('Summit','Standard Nodes','Mellanox Infiniband EDR',200.0,'GB/s'),
 ('SunwayTaihuLight','Standard Nodes','Sunway Network',70.0,'TB'),
 ('SuperMUC-NG','Thin Compute Nodes','Intel OmniPath Architecture ',NULL,NULL),
 ('Tianhe-2A','Standard Nodes','TH Express 2 network',16.0,'GB'),
 ('Trinity','Standard Nodes','Cray Aries',NULL,NULL);
INSERT INTO "computerPools" ("name","name_computer_pools","accelerator_type","accelerator_per_node","cpu_type","computer_cores_per_node","clock_cycle_concurrency","clock_speed_value","description","memory_per_node_value","number_of_nodes","model_number","processor","clock_speed_units","memory_per_node_units") VALUES ('AIBridgingCloudInfrastructure','Standard Nodes','NVIDIA Tesla V100 SXM2 ×4',NULL,' Intel Xeon Gold 6148 (20 core) ×2 ',4.0,NULL,NULL,NULL,NULL,1088.0,NULL,NULL,NULL,NULL),
 ('Frontera','Standard Nodes','360 NVIDIA Quadro RTX 5000 GPUs',4.0,'Intel(R) Xeon(R) CPU E5-2620 v4 ',56.0,2,2.7,'powerful resource for data science and machine learning applications',256.0,17609.0,NULL,NULL,'GHz','GB'),
 ('Lassen','Standard Nodes','NVIDIA Tesla V100 SXM2 ×4',4.0,' IBM Power9',44.0,NULL,3.5,NULL,320.0,684.0,NULL,NULL,'GHZ','GB'),
 ('PizDaint','Standard Nodes','NVIDIA® Tesla® P100',1.0,'Intel® Xeon® E5- 2690 v3',12.0,NULL,25.32,NULL,32.0,5704.0,'IBM POWER9 22C 3.07GHz',NULL,'PF','GB DDR3-1600'),
 ('Sierra','Standard Nodes','Nvidia V100 Volta',4.0,'Power9',44.0,3,3.1,'Sierra combines two types of processor chips—IBM’s Power 9 processors and NVIDIA’s Volta graphics processing units (GPUs)',256.0,4320.0,'ATS-2',NULL,'GHZ','GB DDR4'),
 ('Summit','Standard Nodes','GPU Type, NVIDIA Volta V100',6.0,'Power9',NULL,3,200.0,'Two IBM CPUs per node and 6 NVIDIA accelerators per node',512.0,4608.0,'AC922',NULL,'PF','GB DDR4'),
 ('SunwayTaihuLight','Standard Nodes','NVIDIA GPU or Intel Xeon Phi',NULL,'Sunway SW26010 260C',260.0,NULL,93.0,'Sierra combines two types of processor chips—IBM’s Power 9 processors and NVIDIA’s Volta graphics processing units (GPUs)',32.0,40960.0,NULL,NULL,'Trillion/sec','GB'),
 ('SuperMUC-NG','Thin Compute Nodes','NVIDIA Tesla V100 SXM2 ×4',NULL,' Intel Skylake Xeon Platinum 8174',48.0,NULL,NULL,NULL,96.0,6336.0,NULL,NULL,NULL,'GB'),
 ('SuperMUC-NG','Fat Compute Nodes','NVIDIA Tesla V100 SXM2 ×4',NULL,' Intel Skylake Xeon Platinum 8174',48.0,NULL,NULL,NULL,768.0,144.0,NULL,NULL,NULL,'GB'),
 ('Tianhe-2A','Standard Nodes','Matrix-2000',32.0,'Intel Xeon Ivy Bridge plus Matrix-2000 accelerator',280.0,17,33.86,'Developed by China National University of Defense Technology, retains its position as the worlds No. 1 system with a performance',192.0,17792.0,NULL,NULL,'GB','GB'),
 ('Trinity','Standard Nodes','Nvidia Telsa K40, X86',NULL,'Xeon E5-2600 ',32.0,NULL,33.86,NULL,1.7,19420.0,NULL,NULL,'PF','TBps');
INSERT INTO "computerInformation" ("name","institution","vendor","operating_system","peak_performance_value","peak_performance_units","linpack_performace_value","linpack_performace_units") VALUES ('AIBridgingCloudInfrastructure','National Institute of Advanced Industrial Science and Technology','Fujitsu','Linux ',37.2,'PF',19880.0,'TF'),
 ('Frontera','Texas Advanced Computing Center','Dell EMC','(Linux (CentOS)) ',38.8,'PF',23.5,'PF'),
 ('Lassen','Lawrence Livermore National Laboratory','IBM','	Red Hat Enterprise Linux ',23.5,'PF',18.2,'PF'),
 ('PizDaint','Swiss National Supercomputing Centre','CRAY','(Linux CLE) ',25.0,'PF',19.3,'PF'),
 ('Sierra','National Nuclear Security Adminstration','IBM','(Linux RHEL) ',125.0,'PF',200.0,'PF'),
 ('Summit','U.S Department of Energy','IBM','(RHEL 7.4)',220.0,'PF',454.0,'PF'),
 ('SunwayTaihuLight','National Supercomputing Center in Wuxi','NRCPC','(Sunway RaiseOS 2.0.5 (based on Linux)) ',125.44,'PF',93.01,'PF'),
 ('SuperMUC-NG','Leibniz Supercomputing Centre','Lenovo','Suse Linux (SLES) ',26.7,'PF',20.4,'PF'),
 ('Tianhe-2A','National Supercomputing Center in Guangzhou','NUDT','(Linux (Kylin)) ',94.97,'PF',33.86,'PF'),
 ('Trinity','Los Alamos National Laboratory','CRAY','Linux (CLE) ',41.5,'PF',20.2,'PF');
COMMIT;
